interview_id,app_id,interview_date,outcome
1,163,2025-11-19,Passed
2,156,2026-01-26,Rejected
3,51,2025-05-28,No Show
4,227,2025-11-28,Passed
5,113,2025-11-23,No Show
6,194,2025-12-24,No Show
7,14,2025-05-16,Rejected
8,223,2026-01-20,Rejected
9,241,2025-10-15,Passed
10,78,2026-02-13,Passed
11,16,2026-01-14,No Show
12,106,2025-12-29,Rejected
13,122,2025-10-26,No Show
14,176,2024-10-09,Rejected
15,91,2025-11-19,No Show
16,225,2025-01-01,Rejected
17,56,2026-01-04,Passed
18,196,2026-01-14,Passed
19,14,2026-01-25,Rejected
20,2,2025-03-03,No Show
21,36,2024-10-30,Passed
22,6,2026-02-04,Rejected
23,37,2024-10-11,Rejected
24,57,2026-02-10,No Show
25,232,2025-10-02,Rejected
26,91,2025-10-08,Passed
27,119,2025-07-03,Passed
28,218,2025-12-04,No Show
29,100,2026-01-03,No Show
30,176,2024-10-08,Passed
31,53,2025-10-20,No Show
32,9,2024-09-14,Passed
33,42,2025-01-21,Rejected
34,117,2024-05-04,No Show
35,117,2024-04-23,Passed
36,63,2025-09-24,No Show
37,134,2025-04-20,Rejected
38,91,2025-08-11,Passed
39,16,2026-01-30,Passed
40,14,2024-10-25,Passed
41,8,2025-08-18,Rejected
42,76,2024-05-07,Passed
43,100,2025-12-15,No Show
44,224,2025-09-18,Passed
45,46,2025-02-21,Rejected
46,183,2025-08-10,No Show
47,24,2025-09-23,Rejected
48,7,2025-09-14,No Show
49,83,2025-08-05,No Show
50,91,2025-08-09,Rejected
51,91,2025-07-24,Rejected
52,69,2025-02-01,Rejected
53,182,2026-01-18,Rejected
54,104,2026-02-04,Passed
55,148,2025-06-15,Rejected
56,3,2025-08-28,No Show
57,48,2024-07-21,Passed
58,38,2026-02-04,Rejected
59,152,2026-02-06,Passed
60,230,2025-04-24,No Show
61,109,2025-09-09,No Show
62,229,2025-07-03,No Show
63,238,2026-02-03,Passed
64,1,2025-08-24,Passed
65,125,2025-04-14,Rejected
66,36,2024-11-07,Rejected
67,185,2024-06-11,Rejected
68,169,2026-01-26,No Show
69,150,2025-10-18,Rejected
70,196,2026-02-07,Passed
71,76,2024-04-20,Rejected
72,47,2025-12-22,No Show
73,239,2025-06-13,Rejected
74,58,2025-05-02,No Show
75,134,2025-05-11,No Show
76,18,2025-07-07,No Show
77,109,2024-12-03,Rejected
78,15,2025-05-11,Passed
79,27,2025-08-10,Rejected
80,112,2025-12-15,No Show
81,171,2025-12-26,Rejected
82,33,2025-05-21,Rejected
83,201,2025-09-21,Rejected
84,168,2026-02-13,No Show
85,25,2025-09-09,No Show
86,207,2025-09-01,Rejected
87,160,2025-09-10,Rejected
88,138,2025-05-06,Rejected
89,100,2026-01-06,Passed
90,110,2025-02-08,No Show
91,40,2025-10-16,Passed
92,109,2025-08-04,No Show
93,147,2026-02-03,Rejected
94,187,2025-10-08,Passed
95,198,2025-03-03,Rejected
96,118,2025-10-11,Passed
97,180,2025-10-24,Rejected
98,60,2025-05-21,No Show
99,86,2025-02-15,Rejected
100,15,2025-05-11,No Show
101,149,2025-12-05,Rejected
102,34,2025-08-19,Rejected
103,44,2025-12-07,No Show
104,3,2025-09-18,No Show
105,92,2025-06-22,Passed
106,247,2025-05-19,Rejected
107,233,2026-02-02,Passed
108,5,2025-06-07,Passed
109,239,2025-05-18,No Show
110,53,2025-10-16,No Show
111,197,2026-01-14,Rejected
112,12,2026-02-12,Passed
113,164,2025-12-09,Rejected
114,49,2025-12-13,Passed
115,89,2025-12-28,No Show
116,164,2025-11-03,Rejected
117,113,2025-11-11,Passed
118,234,2025-08-22,No Show
119,174,2025-09-10,Passed
120,189,2025-10-21,Rejected
121,33,2025-05-03,No Show
122,165,2024-10-18,Passed
123,58,2025-04-30,Passed
124,94,2025-08-30,Rejected
125,86,2025-03-08,Rejected
126,160,2025-02-21,Rejected
127,71,2024-12-29,No Show
128,126,2025-05-24,No Show
129,227,2025-12-05,Rejected
130,30,2025-05-27,No Show
131,122,2025-10-22,Passed
132,67,2026-01-31,Rejected
133,249,2025-07-05,No Show
134,63,2025-09-23,No Show
135,117,2024-05-06,Rejected
136,3,2025-08-26,Rejected
137,154,2025-12-30,No Show
138,192,2025-04-07,No Show
139,182,2026-01-26,Rejected
140,69,2025-02-05,No Show
141,133,2025-11-07,Passed
142,171,2025-12-20,No Show
143,239,2025-05-15,Passed
144,108,2026-02-11,Passed
145,37,2024-10-05,No Show
146,138,2025-05-26,No Show
147,199,2025-03-04,Rejected
148,95,2026-01-02,Passed
149,233,2025-04-18,No Show
150,208,2025-11-30,Passed
151,151,2026-02-08,Rejected
152,80,2025-12-01,Passed
153,156,2025-10-21,No Show
154,240,2025-03-10,No Show
155,227,2025-12-06,Passed
156,81,2024-06-22,Rejected
157,15,2025-05-08,Passed
158,71,2024-12-16,No Show
159,41,2025-08-18,Rejected
160,148,2025-06-29,Passed
161,206,2025-02-28,Passed
162,244,2025-01-29,Rejected
163,182,2026-01-13,Passed
164,5,2025-06-07,Rejected
165,202,2025-03-03,Rejected
166,20,2026-02-01,Rejected
167,104,2025-12-28,Rejected
168,241,2025-10-03,Passed
169,222,2025-04-08,Passed
170,169,2025-06-03,No Show
171,31,2025-11-01,Rejected
172,47,2025-04-25,No Show
173,70,2025-12-20,No Show
174,78,2025-08-05,Passed
175,249,2025-02-19,Passed
176,157,2026-01-22,Passed
177,93,2025-12-09,Passed
178,6,2026-02-08,No Show
179,168,2026-02-05,Rejected
180,65,2025-10-24,No Show
181,45,2026-02-03,No Show
182,169,2025-03-23,Passed
183,38,2025-07-11,Rejected
184,190,2025-11-30,No Show
185,26,2025-02-12,Passed
186,76,2024-04-12,Passed
187,247,2025-05-01,Rejected
188,57,2026-01-17,No Show
189,105,2025-04-16,Rejected
190,94,2025-07-12,Rejected
191,108,2026-02-10,Rejected
192,228,2024-11-19,No Show
193,85,2025-05-18,Passed
194,131,2025-09-27,Rejected
195,118,2025-09-24,Rejected
196,206,2025-03-01,No Show
197,204,2024-06-10,No Show
198,189,2025-10-22,Passed
199,228,2024-11-18,Passed
200,84,2025-03-19,Rejected
201,129,2025-08-03,Rejected
202,40,2025-10-13,No Show
203,138,2025-05-17,Rejected
204,221,2026-01-11,No Show
205,40,2025-11-05,Rejected
206,107,2025-03-29,No Show
207,104,2026-01-01,Rejected
208,71,2025-01-03,Rejected
209,133,2025-11-15,Rejected
210,116,2026-01-27,Passed
211,178,2025-12-29,Rejected
212,158,2025-09-01,Rejected
213,117,2024-04-29,Passed
214,170,2025-08-29,Passed
215,127,2026-01-30,Rejected
216,228,2024-11-21,No Show
217,207,2025-09-05,Rejected
218,152,2026-02-14,No Show
219,54,2025-07-13,Rejected
220,131,2025-10-08,No Show
221,113,2025-12-06,Rejected
222,103,2024-10-17,Passed
223,129,2025-02-25,No Show
224,182,2026-01-26,Rejected
225,152,2026-02-08,Rejected
226,166,2025-03-16,Passed
227,47,2025-11-29,No Show
228,24,2025-03-23,No Show
229,49,2025-11-12,No Show
230,71,2025-01-14,Passed
231,137,2025-01-12,No Show
232,69,2025-02-03,No Show
233,71,2024-12-14,Rejected
234,174,2025-09-11,Rejected
235,233,2025-06-24,Passed
236,93,2025-11-27,No Show
237,134,2025-04-02,Rejected
238,67,2025-03-16,Passed
239,92,2025-06-17,No Show
240,247,2025-05-05,Passed
241,97,2025-06-10,No Show
242,14,2025-11-08,Rejected
243,100,2026-02-03,No Show
244,240,2025-04-11,No Show
245,168,2026-02-07,No Show
246,214,2025-04-03,No Show
247,239,2025-06-09,Passed
248,234,2025-11-10,No Show
249,183,2025-09-02,Passed
250,212,2025-12-25,No Show
251,111,2025-12-08,No Show
252,222,2025-04-06,Passed
253,162,2025-02-16,Rejected
254,200,2024-09-19,Rejected
255,6,2026-02-05,Passed
256,11,2025-12-15,No Show
257,113,2025-12-06,Rejected
258,231,2026-01-01,No Show
259,249,2025-12-30,Passed
260,27,2025-08-26,Passed
261,237,2025-09-03,Rejected
262,174,2025-09-20,Rejected
263,34,2025-08-11,No Show
264,203,2024-04-21,Rejected
265,130,2025-07-30,Passed
266,91,2025-10-28,Passed
267,29,2025-01-26,Passed
268,202,2025-02-19,No Show
269,146,2025-11-23,Rejected
270,45,2026-01-25,No Show
271,22,2025-12-30,No Show
272,174,2025-09-17,Rejected
273,51,2025-06-28,Passed
274,151,2026-02-10,Rejected
275,128,2025-08-09,Rejected
276,116,2026-01-28,Rejected
277,1,2025-08-24,No Show
278,162,2025-02-13,Rejected
279,52,2025-06-26,Passed
280,210,2025-07-11,Rejected
281,225,2024-12-14,Passed
282,117,2024-04-21,Passed
283,249,2025-03-01,Passed
284,90,2025-02-16,No Show
285,229,2025-07-02,No Show
286,202,2025-03-08,No Show
287,174,2025-09-27,Rejected
288,25,2025-09-10,No Show
289,227,2025-11-23,Rejected
290,136,2026-01-17,Passed
291,118,2025-02-04,Rejected
292,82,2025-07-19,Passed
293,80,2026-02-15,Rejected
294,164,2026-01-29,No Show
295,38,2025-11-15,Passed
296,116,2026-01-03,Rejected
297,166,2025-03-15,Rejected
298,2,2025-03-01,No Show
299,38,2025-12-21,No Show
300,82,2025-08-02,No Show
301,223,2026-01-12,Rejected
302,199,2025-03-17,No Show
303,42,2025-01-21,Rejected
304,131,2025-10-11,No Show
305,172,2025-06-12,Rejected
306,76,2024-04-23,Passed
307,133,2025-09-09,No Show
308,114,2025-12-20,Passed
309,196,2025-12-06,Rejected
310,22,2026-01-26,Passed
311,110,2025-02-05,No Show
312,150,2025-12-18,No Show
313,6,2026-02-05,Rejected
314,214,2025-04-02,No Show
315,47,2026-01-30,Passed
316,4,2025-12-04,No Show
317,244,2025-01-27,Passed
318,170,2025-03-31,No Show
319,6,2026-02-09,Rejected
320,160,2026-01-27,No Show
321,95,2025-11-20,Rejected
322,223,2026-02-12,No Show
323,27,2025-08-27,Rejected
324,2,2025-03-04,Passed
325,193,2025-02-15,Passed
326,136,2026-01-20,Passed
327,170,2025-10-11,Passed
328,150,2025-11-10,Rejected
329,61,2025-09-29,Rejected
330,210,2025-07-10,Passed
331,27,2025-08-08,Passed
332,129,2025-08-09,Passed
333,139,2025-03-14,No Show
334,31,2025-12-08,Passed
335,106,2025-12-31,Rejected
336,148,2025-06-07,Rejected
337,236,2025-08-16,Rejected
338,223,2026-02-05,No Show
339,61,2025-10-28,No Show
340,191,2024-10-31,No Show
341,203,2024-03-24,No Show
342,77,2025-06-19,Rejected
343,50,2024-12-04,No Show
344,225,2024-12-08,No Show
345,93,2025-11-16,No Show
346,159,2026-01-06,Passed
347,23,2025-03-31,Rejected
348,198,2025-03-14,No Show
349,229,2025-07-04,Passed
350,191,2024-09-23,Rejected
351,144,2024-08-24,No Show
352,5,2025-06-07,Rejected
353,175,2025-11-08,Rejected
354,89,2025-11-21,Passed
355,203,2024-04-22,No Show
356,249,2025-11-21,Rejected
357,30,2025-05-25,Passed
358,66,2026-01-04,Rejected
359,107,2025-03-26,Rejected
360,95,2025-11-07,Passed
361,163,2025-08-23,Rejected
362,228,2024-11-21,Passed
363,162,2025-02-13,No Show
364,117,2024-04-20,Rejected
365,69,2025-02-01,No Show
366,187,2025-04-13,No Show
367,23,2025-04-11,Rejected
368,52,2025-05-18,Passed
369,153,2024-09-21,Rejected
370,22,2026-01-24,Rejected
371,68,2025-08-01,Passed
372,16,2026-01-20,Passed
373,176,2024-09-30,Rejected
374,133,2025-09-30,Passed
375,110,2025-02-18,No Show
376,182,2026-01-27,Passed
377,118,2025-03-18,No Show
378,62,2025-06-21,No Show
379,8,2025-03-17,No Show
380,21,2025-10-28,Passed
381,250,2025-03-23,Passed
382,69,2025-02-05,Rejected
383,230,2025-04-22,Passed
384,205,2024-11-23,Passed
385,234,2025-12-21,No Show
386,190,2025-12-01,Passed
387,119,2025-06-16,Passed
388,129,2025-06-29,No Show
389,163,2025-11-23,Passed
390,104,2025-12-31,No Show
391,210,2025-07-10,Passed
392,236,2025-08-17,Passed
393,6,2026-02-10,Rejected
394,40,2025-10-21,Passed
395,135,2025-11-19,No Show
396,247,2025-04-11,Passed
397,63,2025-09-27,Rejected
398,3,2025-08-31,Passed
399,106,2025-12-30,Passed
400,250,2025-03-24,No Show
401,76,2024-04-11,Rejected
402,63,2025-09-09,Passed
403,6,2026-02-15,Passed
404,93,2026-01-21,No Show
405,170,2025-04-24,Passed
406,176,2024-09-27,Passed
407,229,2025-07-04,Passed
408,92,2025-06-13,Rejected
409,54,2025-07-23,Passed
410,18,2026-01-10,No Show
411,106,2025-12-31,Rejected
412,163,2025-07-20,Passed
413,175,2025-11-10,Passed
414,118,2025-01-21,Rejected
415,171,2025-12-28,Passed
416,83,2025-07-01,Passed
417,213,2025-11-30,No Show
418,19,2025-04-01,Rejected
419,210,2025-07-17,No Show
420,42,2025-01-22,Passed
421,46,2025-02-21,No Show
422,150,2026-01-22,Passed
423,72,2026-02-13,Rejected
424,232,2025-09-28,Rejected
425,168,2026-02-07,Rejected
426,246,2025-09-07,No Show
427,21,2025-12-24,No Show
428,143,2025-09-18,Passed
429,203,2024-04-22,Rejected
430,118,2025-05-02,No Show
431,134,2025-05-10,Passed
432,178,2025-12-15,No Show
433,75,2025-02-22,Passed
434,140,2024-11-27,No Show
435,124,2026-01-10,No Show
436,52,2024-12-28,No Show
437,110,2025-02-03,Rejected
438,18,2026-01-22,Rejected
439,179,2024-12-20,No Show
440,217,2024-12-06,Passed
441,247,2025-04-08,Passed
442,157,2025-12-22,Rejected
443,234,2026-01-30,Rejected
444,11,2025-11-19,Rejected
445,141,2026-01-05,No Show
446,122,2025-09-26,Passed
447,97,2025-06-07,Rejected
448,113,2025-12-12,No Show
449,46,2025-02-18,Rejected
450,211,2025-05-19,Passed
451,211,2025-06-09,Passed
452,145,2026-01-14,Rejected
453,164,2025-11-03,No Show
454,236,2025-09-02,Passed
455,98,2024-10-27,Passed
456,234,2025-09-20,Passed
457,138,2025-06-07,Rejected
458,60,2025-05-19,No Show
459,183,2025-09-13,No Show
460,7,2026-01-01,No Show
461,57,2026-02-13,No Show
462,17,2024-07-28,No Show
463,106,2025-12-30,Rejected
464,31,2025-09-07,Rejected
465,204,2024-05-20,No Show
466,73,2025-11-22,No Show
467,186,2025-08-20,Rejected
468,231,2025-04-01,Rejected
469,198,2025-02-20,No Show
470,76,2024-05-07,No Show
471,159,2025-10-09,Rejected
472,41,2025-08-14,Passed
473,77,2026-01-21,No Show
474,173,2025-05-26,Passed
475,113,2025-11-27,No Show
476,186,2025-09-16,No Show
477,139,2025-03-20,No Show
478,242,2025-02-28,No Show
479,65,2025-10-30,Passed
480,128,2025-09-08,Rejected
481,167,2025-12-27,Rejected
482,246,2025-09-27,Passed
483,168,2026-02-15,Rejected
484,65,2025-10-24,Rejected
485,199,2025-02-25,Rejected
486,114,2026-01-11,Rejected
487,54,2025-07-02,Rejected
488,35,2025-11-10,No Show
489,246,2025-10-08,Passed
490,32,2026-01-29,Rejected
491,169,2025-05-22,Rejected
492,184,2026-02-01,Rejected
493,116,2026-01-18,No Show
494,242,2025-03-01,Rejected
495,171,2025-12-09,Rejected
496,236,2025-08-25,Passed
497,248,2026-02-07,No Show
498,107,2025-03-27,Rejected
499,136,2026-01-05,Passed
500,87,2025-10-16,Passed
501,140,2024-11-27,Passed
502,78,2025-06-01,Passed
503,250,2025-03-18,Rejected
504,136,2026-01-07,Passed
505,14,2025-03-21,No Show
506,41,2025-08-13,No Show
507,56,2026-02-04,Rejected
508,222,2025-04-08,Passed
509,115,2025-09-09,No Show
510,161,2025-08-27,Passed
511,208,2025-12-04,No Show
512,229,2025-07-04,No Show
513,184,2026-01-11,No Show
514,17,2024-06-15,Rejected
515,181,2025-09-22,No Show
516,144,2024-09-15,Passed
517,80,2025-07-27,Rejected
518,133,2025-11-15,Rejected
519,64,2026-01-19,No Show
520,176,2024-10-09,Rejected
521,66,2026-01-14,No Show
522,124,2026-01-20,Passed
523,82,2025-07-20,Rejected
524,236,2025-08-31,No Show
525,24,2025-08-23,Rejected
526,2,2025-02-27,Rejected
527,16,2026-02-15,Passed
528,183,2025-08-12,No Show
529,32,2026-01-11,No Show
530,231,2025-06-03,Passed
531,39,2026-02-07,Passed
532,185,2024-06-11,No Show
533,244,2025-01-30,Rejected
534,11,2025-11-20,Passed
535,237,2025-09-03,Passed
536,200,2024-09-09,Rejected
537,180,2025-10-25,No Show
538,160,2025-03-22,Rejected
539,190,2025-11-18,Passed
540,136,2026-01-02,Rejected
541,22,2026-01-29,No Show
542,197,2026-01-11,Passed
543,29,2025-01-24,Rejected
544,114,2025-12-15,No Show
545,119,2025-06-23,No Show
546,51,2025-06-23,No Show
547,15,2025-05-08,No Show
548,180,2025-10-12,No Show
549,14,2025-06-24,No Show
550,85,2025-06-18,Passed
551,240,2025-03-24,No Show
552,165,2024-10-12,No Show
553,158,2025-11-27,No Show
554,195,2024-12-06,Rejected
555,33,2025-04-26,Passed
556,189,2025-10-11,Passed
557,163,2026-01-25,Rejected
558,168,2026-02-09,No Show
559,26,2025-02-18,Rejected
560,187,2024-11-15,Rejected
561,232,2025-10-07,Rejected
562,61,2025-09-18,Passed
563,107,2025-04-09,Passed
564,151,2026-02-07,Passed
565,79,2025-05-11,No Show
566,15,2025-05-11,No Show
567,55,2024-11-15,Rejected
568,137,2025-01-12,Passed
569,15,2025-05-09,Passed
570,68,2025-04-20,No Show
571,201,2025-09-21,No Show
572,157,2026-02-11,Passed
573,200,2024-09-18,Passed
574,241,2025-10-20,No Show
575,171,2025-12-13,No Show
576,66,2026-01-04,Passed
577,72,2025-10-08,Rejected
578,71,2025-01-07,Rejected
579,20,2026-01-22,Rejected
580,164,2026-02-13,Rejected
581,186,2025-09-18,Passed
582,109,2025-04-28,Rejected
583,101,2026-01-28,Rejected
584,149,2025-11-25,No Show
585,34,2025-11-04,Rejected
586,20,2026-02-07,No Show
587,91,2026-01-09,No Show
588,11,2025-11-08,Passed
589,201,2025-09-20,Passed
590,153,2024-09-26,Passed
591,223,2026-02-12,Passed
592,88,2025-01-31,No Show
593,94,2025-10-18,Passed
594,130,2025-02-27,No Show
595,129,2025-10-17,Passed
596,7,2025-08-23,Rejected
597,219,2024-10-28,Rejected
598,195,2025-01-18,No Show
599,34,2025-05-11,Rejected
600,27,2025-08-16,Rejected
